{"timestamp": "2025-11-23T09:19:28.683401", "data": {"ph": 7.7, "soc": 176.66666666666666, "sand": 46.66666666666667, "silt": 25.166666666666664, "clay": 28.2, "bulk_density": 132.66666666666666}}