{"timestamp": "2025-11-23T09:20:01.675397", "data": {"ph": 6.233333333333333, "soc": 316.3333333333333, "sand": 32.36666666666667, "silt": 30.0, "clay": 37.66666666666667, "bulk_density": 125.33333333333333}}