{"timestamp": "2025-11-24T11:09:02.093290", "data": {"ph": 6.933333333333333, "soc": 190.33333333333334, "sand": 46.5, "silt": 20.6, "clay": 32.86666666666667, "bulk_density": 124.33333333333333}}