{"timestamp": "2025-11-23T09:19:17.713275", "data": {"ph": 5.8, "soc": 146.66666666666666, "sand": 58.166666666666664, "silt": 12.1, "clay": 29.7, "bulk_density": 119.33333333333333}}