{"timestamp": "2025-11-23T09:18:33.682823", "data": {"ph": 5.3, "soc": 579.0, "sand": 39.96666666666667, "silt": 34.233333333333334, "clay": 25.833333333333332, "bulk_density": 107.33333333333333}}