{"timestamp": "2025-11-24T11:10:03.528579", "data": {"ph": 5.533333333333333, "soc": 244.0, "sand": 65.93333333333334, "silt": 9.966666666666667, "clay": 24.1, "bulk_density": 127.0}}