{"timestamp": "2025-11-24T11:09:43.875049", "data": {"ph": 5.4, "soc": 398.3333333333333, "sand": 24.366666666666667, "silt": 25.333333333333336, "clay": 50.3, "bulk_density": 102.33333333333333}}