{"timestamp": "2025-11-23T09:20:21.675429", "data": {"ph": 5.9, "soc": 705.3333333333334, "sand": 28.96666666666667, "silt": 26.56666666666667, "clay": 44.46666666666667, "bulk_density": 107.0}}