{"timestamp": "2025-11-24T11:09:16.383506", "data": {"ph": 7.2666666666666675, "soc": 167.0, "sand": 48.4, "silt": 21.533333333333335, "clay": 30.03333333333333, "bulk_density": 131.0}}