{"timestamp": "2025-11-23T09:20:13.370494", "data": {"ph": 6.1, "soc": 230.66666666666666, "sand": 41.66666666666667, "silt": 29.0, "clay": 29.333333333333332, "bulk_density": 118.0}}