{"timestamp": "2025-11-23T09:19:07.881944", "data": {"ph": 5.566666666666666, "soc": 734.3333333333334, "sand": 40.43333333333333, "silt": 33.8, "clay": 25.76666666666667, "bulk_density": 98.33333333333333}}