{"timestamp": "2025-11-23T09:19:48.639071", "data": {"ph": 6.4, "soc": 276.3333333333333, "sand": 42.96666666666667, "silt": 28.833333333333332, "clay": 28.2, "bulk_density": 119.66666666666667}}