{"timestamp": "2025-11-23T09:18:43.241426", "data": {"ph": 5.7, "soc": 381.0, "sand": 28.633333333333333, "silt": 31.333333333333332, "clay": 40.03333333333333, "bulk_density": 111.66666666666667}}