{"timestamp": "2025-11-23T09:18:55.628101", "data": {"ph": 5.566666666666666, "soc": 578.6666666666666, "sand": 42.8, "silt": 26.1, "clay": 31.06666666666667, "bulk_density": 107.33333333333333}}