{"timestamp": "2025-11-23T09:18:18.582072", "data": {"ph": 6.4, "soc": 281.0, "sand": 38.6, "silt": 26.73333333333333, "clay": 34.66666666666667, "bulk_density": 121.0}}