{"timestamp": "2025-11-23T09:20:30.828824", "data": {"ph": 8.1, "soc": 97.66666666666667, "sand": 49.93333333333333, "silt": 24.5, "clay": 25.5, "bulk_density": 139.33333333333334}}