{"timestamp": "2025-11-24T11:09:29.903180", "data": {"ph": 7.433333333333333, "soc": 118.66666666666667, "sand": 49.96666666666667, "silt": 19.766666666666666, "clay": 30.26666666666667, "bulk_density": 135.0}}