{"timestamp": "2025-11-23T09:19:38.399803", "data": {"ph": 6.133333333333334, "soc": 244.33333333333334, "sand": 34.2, "silt": 21.733333333333334, "clay": 44.1, "bulk_density": 121.0}}